ref#,relation,cql,concsize,count,freq min,freq max,freq mean,freq std,fpm min,fpm max,fpm mean,fpm std,rel min,rel max,rel mean,rel std
7,#1 HYPO is a type of HYPER,"2:[tag=""N.*""] [tag!=""V.*""]{0,7} [lemma=""be|,|:|belong|\(""] [tag!=""V.*""]{0,7} [lemma=""type|kind|example|group|class|sort|category|family|species|subtype|subfamily|subgroup|subclass|subcategory|subspecies""] [word=""of""] [tag!=""V.*""]{0,7} 1:[tag=""N.*""] within <s/>",15246.0,59,2.0,7506.0,1163.8135593220338,1843.0800165481642,0.06989087971894921,262.30047158521637,40.66997674492921,64.40724187448333,19.5,333.1,93.34915254237286,52.235106350770735
11,#2 type of HYPER includes/is HYPO,"([tag=""DT""]|[tag=""CD""]|[word=""some|several|any|various|distinct|different""]) [tag=""RB.*""]* [tag=""JJ.*""]* [lemma=""type|kind|example|group|class|sort|category|family|species|subtype|subfamily|subgroup|subclass|subcategory|subspecies""] [word=""of""] [tag!=""V.*|IN""]{0,5} 1:[tag=""N.*""] []{0,3} [lemma=""include|be""] [tag!=""V.*|IN.*""]{0,7} 2:[tag=""N.*""] within <s/>",1753.0,50,2.0,825.0,158.44,231.91326316675605,0.06989087971894921,28.829987884066547,5.536755491335156,8.104310990608381,9.2,534.0,103.73800000000001,95.22135948431327
15,#3 type of HYPER ranges from HYPO to HYPO,"([tag=""DT""]|[tag=""CD""]|[word=""some|several|any|various|distinct|different""]) [tag=""RB.*""]* [tag=""JJ.*""]* [lemma=""type|kind|example|group|class|sort|category|family|species|subtype|subfamily|subgroup|subclass|subcategory|subspecies""] [word=""of""] [tag!=""V.*|IN""]{0,5} 1:[tag=""N.*""] []{0,3} [lemma=""range""] [word=""from""] [(tag!=""V.*|IN.*|CD"")|word=""to""]{0,7} 2:[tag=""N.*""] within <s/>",26.0,18,2.0,20.0,6.333333333333333,5.520017050272047,0.06989087971894921,0.698908797189492,0.22132111911000582,0.19289942385355618,23.0,586.4,177.95555555555555,150.8636557106419
19,"#4 HYPER types?, ranging from HYPO to HYPO","1:[tag=""N.*""] [lemma=""type|kind|example|group|class|sort|category|family|species|subtype|subfamily|subgroup|subclass|subcategory|subspecies""]? "",|\(""? [word=""ranging""] [word=""from""] [(tag!=""V.*|IN.*|CD"")|word=""to""]{0,7} 2:[tag=""N.*""] within <s/>",846.0,48,1.0,382.0,77.04166666666667,113.91634824362622,0.034945439859474604,13.349158026319298,2.6922549291736892,3.980856896558605,9.5,323.7,82.80416666666666,69.22317579666428
23,#5 HYPER types include HYPO,"1:[tag=""N.*""] [lemma=""type|kind|example|group|class|sort|category|family|species|subtype|subfamily|subgroup|subclass|subcategory|subspecies""] "",|\(""? [word=""which""]? [tag=""MD""]* [lemma=""include""] [tag!=""V.*|CD""]* 2:[tag=""N.*""] within <s/>",321.0,37,1.0,143.0,39.83783783783784,46.857060130615146,0.034945439859474604,4.997197899904868,1.392150766293664,1.6374405767861968,6.2,328.8,102.75405405405404,78.712488754237
27,#6 HYPER such as HYPO,"1:[tag=""N.*""] [tag!=""V.*""]* [word=""such""] [word=""as""] [tag!=""V.*""]* 2:[tag=""N.*""] within <s/>",149298.0,59,14.0,73643.0,11429.406779661016,18042.17858253518,0.4892361580326444,2573.487027571288,399.4056472481153,630.4918665898839,13.8,257.1,90.83050847457629,44.45229234319173
31,#7 HYPER including HYPO,"1:[tag=""N.*""] [tag!=""V.*""]{0,5} [word=""including""] [tag!=""V.*""]* 2:[tag=""N.*""] within <s/>",73517.0,60,4.0,37352.0,5451.966666666666,8987.761394264202,0.13978175943789842,1305.2820696310953,190.52137326586023,314.08127527456725,11.8,459.3,94.42999999999999,73.18383006546492
35,"#8 HYPER, especially HYPO","1:[tag=""N.*""] [word="",|\(""] [word=""especially|primarily|namely|usually|typically|characteristically|generally|mainly""] [tag!=""V.*|IN""]* 2:[tag=""N.*""] within <s/>",6100.0,52,1.0,3192.0,533.9423076923077,814.8854223191723,0.034945439859474604,111.54584403144293,18.65884880189062,28.47652951801719,18.1,211.3,79.93076923076923,35.616605173746755
39,#9 HYPO and other HYPER,"2:[tag=""N.*""] [tag!=""V.*""]{0,7} [word=""and|or""] [word=""other""] [tag=""RB.*""]* [tag=""JJ.*""]* ([lemma=""type|kind|example|group|class|sort|category|family|species|subtype|subfamily|subgroup|subclass|subcategory|subspecies""] [word=""of""])? [tag!=""V.*""]{0,5} 1:[tag=""N.*""] within <s/>",30119.0,54,3.0,13844.0,2488.9074074074074,3725.735111805497,0.1048363195784238,483.7846694145664,86.97596412135641,130.19745228193187,15.2,888.9,103.81481481481481,118.17677900981592
43,#10 HYPO is defined/classified as HYPER,"2:[tag=""N.*""] [tag!=""V.*""]{0,5} [tag=""MD""]? [lemma=""be|,|\(""] [word!=""not""]? [word=""defined|classified|categori.ed|regarded""] [word=""as""] [tag=""DT.*|RB.*|JJ.*""]*  ([lemma=""type|kind|example|group|class|sort|category|family|species|subtype|subfamily|subgroup|subclass|subcategory|subspecies""] [word=""of""])? [tag!=""V.*""]{0,2} 1:[tag=""N.*"" & lemma!=""type|kind|example|group|class|sort|category|family|species|subtype|subfamily|subgroup|subclass|subcategory|subspecies""] within <s/>",6594.0,51,2.0,4509.0,601.6274509803922,1023.5242441834843,0.06989087971894921,157.568988326371,21.024135906044304,35.76750491982815,8.7,139.4,72.45294117647059,37.056871713306705
47,#11 x classify/regard/categorize HYPO as HYPER,"[lemma=""classify|regard|categori.e""] [tag!=""IN""](([tag=""DT""]|[word=""some|several|any|various|distinct|different""]) [tag!=""V.*""]* [lemma=""type|kind|example|group|class|sort|category|family|species|subtype|subfamily|subgroup|subclass|subcategory|subspecies""] [word=""of""])? [tag!=""V.*""]* 2:[tag=""N.*""] [word=""as""] [tag!=""V.*|IN""]* 1:[tag=""N.*""] within <s/>",176.0,39,1.0,83.0,20.333333333333332,24.54462459462821,0.034945439859474604,2.900471508336392,0.7105572771426504,0.8577227026449615,11.9,906.3,122.3897435897436,150.11239963313068
51,#12 HYPER classified in (x types of) HYPO,"1:[tag=""N.*""] "",|\(""? [tag=""IN/that|WDT""]? [tag=""MD""]* [lemma=""be|,|\(""] [tag=""RB.*""]* [word=""classified|categori.ed""] ([word=""by""] [tag!=""V.*""]*)? [word=""in|into""] [tag!=""V.*""]* [lemma=""type|kind|example|group|class|sort|category|family|species|subtype|subfamily|subgroup|subclass|subcategory|subspecies""]? [tag!=""V.*""]* 2:[tag=""N.*"" & lemma!=""type|kind|example|group|class|sort|category|family|species|subtype|subfamily|subgroup|subclass|subcategory|subspecies""] within <s/>",471.0,43,1.0,271.0,50.48837209302326,70.19814544186548,0.034945439859474604,9.470214201917617,1.7643383705795197,2.453105069785361,10.5,2483.5,145.21162790697676,371.3475891997007
55,#13 HYPER divided into (x) categories (:|of) HYPO,"1:[tag=""N.*""] "",|\(""? [tag=""IN/that|WDT""]? [lemma=""be|,|\(""] [word=""divided""] [tag!=""V.*""]* [word=""in|into""] [tag!=""V.*""]* [lemma=""type|kind|example|group|class|sort|category|family|species|subtype|subfamily|subgroup|subclass|subcategory|subspecies""] [tag!=""V.*""]* 2:[tag=""N.*"" & lemma!=""type|kind|example|group|class|sort|category|family|species|subtype|subfamily|subgroup|subclass|subcategory|subspecies""] within <s/>",118.0,33,1.0,77.0,18.333333333333332,19.21858909146732,0.034945439859474604,2.6907988691795444,0.6406663974237011,0.6716020492798259,13.4,650.0,133.5939393939394,141.0046008544445
59,"#14 type of HYPER is|,|( known/referred/termed/called (to) (as) HYPO","[lemma=""type|kind|example|group|class|sort|category|family|species|subtype|subfamily|subgroup|subclass|subcategory|subspecies""] [word=""of""] 1:[tag=""N.*""] "",|\(""? [tag=""IN/that|WDT""]? [lemma=""be|,|\(""]? [tag=""RB.*""]* [word=""known|referred|termed|named|called""] [word=""to""]? [word=""as""]? [tag!=""V.*""]* 2:[tag=""N.*""] within <s/>",409.0,41,1.0,270.0,44.707317073170735,64.27022790625495,0.034945439859474604,9.435268762058143,1.5623168600589497,2.2459513840527587,11.7,520.0,108.32439024390244,104.80261394757242
63,#15 HYPO is a HYPER that,"2:[tag=""N.*""] [tag!=""V.*""]{0,4} [lemma=""be""] [tag=""DT.*""] [tag=""RB.*""]* [tag=""JJ.*""]* 1:[tag=""N.*""] [tag=""IN/that|WDT""] within <s/>",4010.0,57,1.0,1829.0,326.29824561403507,522.488959723152,0.034945439859474604,63.91520950297905,11.402635718357336,18.258606519244854,21.6,420.2,83.60701754385966,53.84778102487844
67,#16 define HYPO as a HYPER,"[lemma=""define""] [tag=""DT.*""]? [word=""and""]? [tag!=""V.*|IN""]{0,3} 2:[tag=""N.*""] [word=""as""] [tag=""DT.*""]? [lemma=""type|kind|example|group|class|sort|category|family|species|subtype|subfamily|subgroup|subclass|subcategory|subspecies""]? [word=""of""]? [tag!=""V.*""]{0,2} 1:[tag=""N.*"" & lemma!=""type|kind|example|group|class|sort|category|family|species|subtype|subfamily|subgroup|subclass|subcategory|subspecies""] within <s/>",264.0,42,1.0,156.0,29.071428571428573,40.127475446560126,0.034945439859474604,5.451488618078038,1.0159138587718688,1.4022722799303105,16.6,2127.6,144.0404761904762,329.67748989900593
71,#17 HYPO refers to HYPER,"2:[tag=""N.*""] [tag!=""V.*""]{0,4} [lemma=""refer""] [word=""to""] [tag=""DT.*""]? [lemma=""type|kind|example|group|class|sort|category|family|species|subtype|subfamily|subgroup|subclass|subcategory|subspecies""]? [word=""of""]? [tag!=""V.*""]{0,3} 1:[tag=""N.*"" & lemma!=""type|kind|example|group|class|sort|category|family|species|subtype|subfamily|subgroup|subclass|subcategory|subspecies""] within <s/>",6340.0,53,2.0,3480.0,547.433962264151,854.0874011624239,0.06989087971894921,121.61013071097162,19.130320605335775,29.846459912056442,20.9,509.4,100.3320754716981,95.10022400197049
74,#18 X type of HYPER: HYPO,"([tag=""DT""]|[tag=""CD""]|[word=""some|several|any|various|distinct|different""]) []{0,2} [lemma=""type|kind|example|group|class|sort|category|family|species|subtype|subfamily|subgroup|subclass|subcategory|subspecies""] [word=""of""] 1:[tag=""N.*""] [word="":""] [tag!=""V.*""]* 2:[tag=""N.*""] within <s/>",574.0,40,1.0,262.0,65.825,81.38981461507898,0.034945439859474604,9.155705243182346,2.300283578749916,2.8442028718050296,6.9,190.7,85.35999999999999,50.07535757133878
82,#1 WHOLE composed of PART,"1:[tag=""N.*""] [tag!=""V.*""]{0,7} ([tag=""IN/that|WDT""] [tag=""V.*""])? [tag!=""V.*""]{0,7} [lemma=""be""]? [tag=""RB.*""]* [word=""comprised|composed|constituted""] [tag=""RB.*""]* ([word=""in""] [tag=""JJ.*""]? [lemma=""part""])? [word=""of|by""] [tag!=""V.*""]{0,7} 2:[tag=""N.*""] within <s/>",10024.0,51,1.0,4396.0,873.1176470588235,1329.4811566480937,0.034945439859474604,153.62015362225034,30.511480225540083,46.45930380395069,4.6,218.6,71.86470588235294,47.37191076378242
86,#2 WHOLE comprises PART,"1:[tag=""N.*""] [lemma=""type|kind|example|group|class|sort|category|family|species|subtype|subfamily|subgroup|subclass|subcategory|subspecies""]? "",|\(""? [tag=""IN/that|WDT""]? [word="",|\(""]? [tag=""RB.*""]* [lemma=""comprise"" & tag!=""VVN""] [tag!=""V.*""]* 2:[tag=""N.*"" & lemma!=""part|component|element|fraction|constituent|piece|portion|percent|percentage|region|area|zone|section|segment|fragment|content|concentration|volume|load|amount|mixture|composition|level""] within <s/>",3981.0,54,1.0,2108.0,335.9074074074074,514.7086103116992,0.034945439859474604,73.66498722377246,11.73843210390759,17.986718786801234,7.2,4437.2,186.73333333333326,600.5047449265037
90,#3 PART composes WHOLE,"2:[tag=""N.*""] [tag!=""V.*""]{0,7} ([tag=""IN/that|WDT""] [tag=""V.*""])? [tag!=""V.*""]{0,10} [lemma=""compose"" & tag!=""VVN""] [tag!=""V.*""]{0,7} 1:[tag=""N.*"" & lemma!=""part|component|element|fraction|constituent|piece|portion|percent|percentage|region|area|zone|section|segment|fragment|content|concentration|volume|load|amount|mixture|composition|level|threat""] within <s/>",515.0,35,1.0,288.0,63.68571428571428,85.4485643112694,0.034945439859474604,10.064286679528685,2.225525298479111,2.986037665217913,14.3,347.3,87.99714285714285,71.31897893480053
94,#4 PART is/constitutes part/element of WHOLE,"2:[tag=""N.*""] [tag!=""V.*""]{0,5} ([tag=""IN/that|WDT""] [tag=""V.*""])? [tag!=""V.*""]{0,5}[lemma=""be|constitute""] [tag=""DT|JJ.*|RB.*|IN|,"" & word!=""in|on|at|though|but|over|with""]*  [lemma=""part|component|element|fraction|constituent|piece|portion|percent|percentage|section|segment|fragment|content|volume|load|mixture|composition|level|proportion|threat""] [word=""of""] [tag!=""V.*""]{0,7}  1:[tag=""N.*""] within <s/>",12757.0,52,4.0,6720.0,1102.7884615384614,1653.5420369919682,0.13978175943789842,234.83335585566934,38.53742786041483,57.78375380881595,16.8,177.7,81.35769230769232,32.94988081238729
98,#5 WHOLE has/includes x part :/such as/namely PART,"1:[tag=""N.*""] [tag!=""V.*""]{0,5} ([tag=""IN/that|WDT""] [tag=""V.*""])? [tag!=""V.*""]{0,5} [lemma=""have|include|possess""] [tag!=""V.*""]{0,5} [lemma=""element|part|component|constituent|piece|portion|section""] "",|\(""? ([tag="":""] | [word=""such""] [word=""as""] | [word=""especially|primarily|namely|usually|typically|characteristically|generally|mainly""])  [tag!=""V.*""]{0,7} 2:[tag=""N.*""] within <s/>",272.0,36,1.0,133.0,34.47222222222222,42.56993312596587,0.034945439859474604,4.6477435013101225,1.2046469684891103,1.4876250378752962,10.8,2065.0,142.69166666666666,334.4356153069142
102,#6 WHOLE has/includes a x fraction of PART,"1:[tag=""N.*""] [tag!=""V.*""]{0,5} ([tag=""IN/that|WDT""] [tag=""V.*""])? [tag!=""V.*""]{0,5} [lemma=""have|include|possess""] [tag!=""V.*""]{0,5} [lemma=""fraction|percentage|percent|portion|amount|fragment|content|concentration|volume|load|mixture|composition|proportion""] [word=""of""] [tag!=""V.*""]{0,5} 2:[tag=""N.*"" & lemma!=""fraction|percentage|percent|portion|amount|fragment|content|concentration|volume|load|mixture|composition|proportion""] within <s/>",1937.0,46,2.0,838.0,185.8913043478261,244.01486550899307,0.06989087971894921,29.284278602239716,6.496053396486247,8.527206807462301,10.3,942.3,114.54782608695652,144.96180453121733
106,#7 WHOLE part such as PART,"1:[tag=""N.*""] [lemma=""element|part|component|constituent|piece|portion|section|fragment|content""] "",|\(""? [word=""such""] [word=""as""] [tag!=""V.*""]{0,7} 2:[tag=""N.*""] within <s/>",200.0,39,1.0,112.0,23.153846153846153,29.400625182699827,0.034945439859474604,3.9138892642611554,0.8091213382847581,1.0274177791529913,12.0,1200.2,149.70000000000002,227.33584592427405
110,#8 part of the WHOLE :/such as/namely PART,"[lemma=""element|part|component|constituent|piece|portion|section|fragment|content""] [word=""of""] [tag!=""V.*""]{0,5} 1:[tag=""N.*""] [tag!=""V.*""]{0,5} "",|\(""? ([tag="":""] | [word=""such""] [word=""as""] | [word=""especially|primarily|namely|usually|typically|characteristically|generally|mainly""]) [tag!=""V.*""]{0,7} 2:[tag=""N.*""] within <s/>",1995.0,54,1.0,960.0,165.7037037037037,261.4201872955614,0.034945439859474604,33.54762226509561,5.790588812269976,9.135443433189627,35.1,490.9,96.77407407407406,76.06581357225797
114,#9 a part of the WHOLE is PART,"([tag=""DT""]|[tag=""CD""]|[word=""some|several|any|various|distinct|different""]) [tag=""RB.*""]* [tag=""JJ.*""]* [lemma=""element|part|component|constituent|piece|portion|section|fragment""][word=""of""] [tag!=""V.*""]{0,5} 1:[tag=""N.*""] [tag!=""V.*""]{0,5} [lemma=""be""] [tag!=""V.*""]{0,7} 2:[tag=""N.*""] within <s/>",1700.0,52,1.0,924.0,148.3653846153846,227.9403971669644,0.034945439859474604,32.289586430154536,5.1846936253047415,7.9654774407429105,17.8,279.7,80.16730769230769,46.76397021486103
118,#10 (that) part of the WHOLE is called PART,"([tag=""DT""]|[tag=""CD""]|[word=""some|several|any|various|distinct|different""]) [tag=""RB.*""]* [tag=""JJ.*""]* [lemma=""element|part|component|constituent|piece|portion|section|fragment|segment""][word=""of""] [tag!=""V.*""]{0,5} 1:[tag=""N.*""] [tag!=""V.*""]* [lemma=""be""] [tag=""RB.*""]* [word=""called|termed|known|named|referred""] [word=""to""]? [word=""as""]? ([tag=""DT|RB.*|JJ.*|N.*""]|[word=""or|,|\(|\)""])*  2:[tag=""N.*""] within <s/>",62.0,27,1.0,33.0,10.555555555555555,10.229419614084938,0.034945439859474604,1.153199515362662,0.36886853185000973,0.35747156792133505,24.1,284.3,103.25925925925924,61.20194352908975
122,"#11 PART, (a) component of WHOLE","2:[tag=""N.*""] "",|\("" [tag=""DT""]? [tag=""RB.*""]* [tag=""JJ.*""]* [lemma=""element|part|component|constituent|piece|portion|section|fragment|content|segment""] [word=""of""] ([tag=""DT|RB.*|JJ.*|N.*""]|[word="",|and|or""])* 1:[tag=""N.*""] within <s/>",1196.0,50,1.0,554.0,108.78,154.30479908417678,0.034945439859474604,19.359773682148926,3.801364947913647,5.39224907642441,5.1,343.5,85.964,53.11596001357093
126,#12 WHOLE (which) is divided into x parts: PART,"1:[tag=""N.*""] [tag!=""V.*""]{0,5} ([tag=""IN/that|WDT""] [tag=""V.*""])? [tag!=""V.*""]{0,5} [lemma=""be""] [tag=""RB.*""]* [word=""divided""] [word=""into|in""] [tag=""CD|DT""]? [tag=""RB.*""]* [tag=""JJ.*""]* [lemma=""element|part|component|constituent|piece|portion|section|fragment|content|segment""] "",|\(""?  ([tag="":""] | [word=""such""] [word=""as""] | [word=""especially|primarily|namely|usually|typically|characteristically|generally|mainly""]) [tag!=""V.*""]* 2:[tag=""N.*""] within <s/>",216.0,26,6.0,138.0,41.0,35.29305880764658,0.2096726391568476,4.822470700607496,1.4327630342384587,1.233331464019514,34.3,680.5,151.47307692307692,156.46619457938462
130,#13 WHOLE is divided into x PART,"1:[tag=""N.*"" & lemma!=""type|kind|example|group|class|sort|category|family|species|subtype|subfamily|subgroup|subclass|subcategory|subspecies""] "",|\(""? [tag=""IN/that|WDT""]? [lemma=""be|,|\(""] [tag=""RB.*""] [word=""divided""] [word=""in|into""] [tag!=""V.*|IN"" & lemma!=""type|kind|example|group|class|sort|category|family|species|subtype|subfamily|subgroup|subclass|subcategory|subspecies""]* 2:[tag=""N.*"" & lemma!=""type|kind|example|group|class|sort|category|family|species|subtype|subfamily|subgroup|subclass|subcategory|subspecies""] within <s/>",150.0,35,1.0,87.0,18.571428571428573,23.927938032504912,0.034945439859474604,3.0402532677742906,0.6489867402473856,0.8361723194761354,11.9,317.5,89.13428571428572,71.68303164075918
137,#14 WHOLE made/formed/built of MATERIAL,"1:[tag=""N.*""] "",|\(""? [tag=""IN/that|WDT""]? [lemma=""be|,|\(""]? [tag=""RB.*""]* [word=""made|built|constructed|formed""] [word=""up""]? [word=""of|from|with""] [tag!=""V.*""]*  2:[tag=""N.*""] within <s/>",5949.0,50,2.0,2765.0,530.96,799.2458169539377,0.06989087971894921,96.62414121144727,18.554630747786632,27.929996629300476,26.0,166.7,77.968,36.28767958682283
141,#15 WHOLE contains MATERIAL,"1:[tag=""N.*""] [tag!=""V.*""]{0,5} ([tag=""IN/that|WDT""] [tag=""V.*""])? [tag!=""V.*""]{0,5} [lemma=""contain"" & tag!=""VVN""] [tag!=""V.*""]{0,7} 2:[tag=""N.*"" & lemma!=""part|component|element|fraction|constituent|piece|portion|percent|percentage|region|area|zone|section|segment|fragment|content|concentration|volume|load|amount|mixture|composition|level""] within <s/>",33273.0,59,3.0,15616.0,2535.0169491525426,4139.392865241378,0.1048363195784238,545.7079888455553,88.58728233935895,144.65290442703082,8.5,214.5,81.80169491525423,47.166533618970305
145,#16 MATERIAL contained in WHOLE,"2:[tag=""N.*""] [tag!=""V.*""]{0,5} ([tag=""IN/that|WDT""] [tag=""V.*""])? [tag!=""V.*""]{0,5} [lemma=""be""]? [word=""contained""] [tag=""RB.*""] [word=""in""] [tag!=""V.*""]* 1:[tag=""N.*""] within <s/>",,0,,,,,,,,,,,,
149,#17 WHOLE consists of MATERIAL,"1:[tag=""N.*""] [tag!=""V.*""]{0,5} ([tag=""IN/that|WDT""] [tag=""V.*""])? [tag!=""V.*""]{0,5} [lemma=""consist""] [tag=""RB.*""]* [word=""of""] [tag!=""V.*""]* 2:[tag=""N.*""] within <s/>",28282.0,55,3.0,14631.0,2291.927272727273,3736.6825842387975,0.1048363195784238,511.2867305839729,80.09240667138054,130.58001652146302,10.1,682.7,81.15636363636361,88.95243165671806
153,#18 WHOLE has a x fraction/percent of MATERIAL,"1:[tag=""N.*""] "",|\(""? ([tag=""IN/that|WDT""] [tag=""V.*""])? [tag!=""V.*""]{0,5} [lemma=""have|include|possess|contain""] [tag=""DT""] [tag!=""V.*""]{0,5} [lemma=""fraction|percent|piece|portion|mixture|concentration|composition|content""] [word=""of""] [tag!=""V.*""]{0,7} 2:[tag=""N.*""] within <s/>",859.0,41,1.0,415.0,91.8048780487805,112.32324325628136,0.034945439859474604,14.50235754168196,3.2081618446600593,3.9251851420335155,5.2,593.2,112.10243902439024,109.83305852020347
161,#1 ENTITY connected to PLACE,"1:[tag=""N.*""] [tag!=""V.*""]{0,5} ([tag=""IN/that|WDT""] [tag=""V.*""])? [tag!=""V.*""]{0,5} [lemma=""be""]? [tag=""RB.*""]* ([word=""connected""] [word=""to""] | [word=""delimited""] [word=""by""]) [tag!=""V.*""]* 2:[tag=""N.*""] within <s/>",2735.0,45,2.0,1952.0,280.6222222222222,425.5328899204389,0.06989087971894921,68.21349860569441,9.806466989898784,14.870434012943123,11.9,11165.1,336.8622222222222,1652.8994489421104
165,#2 ENTITY found in PLACE,"1:[tag=""N.*""] [tag!=""V.*""]{0,5} ([tag=""IN/that|WDT""] [tag=""V.*""])? [tag!=""V.*""]{0,5} [lemma=""be""]? [tag=""RB.*""]* [word=""found|built|placed|piled|stacked|mounted|located""] [word=""near|in|along|on|by|next|over|at|into|onto|under""] [word=""to""]? [tag!=""V.*""]* 2:[tag=""N.*""] within <s/>",61297.0,59,2.0,36067.0,4704.6949152542375,8080.380680376468,0.06989087971894921,1260.3771794116703,164.4076332181929,282.37245710775636,4.8,256.6,75.35932203389832,43.02354655480097
168,#3 ENTITY is formed/forms in LOCATION,"1:[tag=""N.*""] "",|\(""? [tag=""IN/that|WDT""]? [lemma=""be|,|\(""]? [tag=""RB.*""] [lemma=""form""] [word=""over|on|in|off|near|along|next|under|onto|into|at""] [word=""to""]? [tag!=""V.*""]*  2:[tag=""N.*""] within <s/>",546.0,28,1.0,378.0,85.21428571428571,116.48187178710023,0.034945439859474604,13.2093762668814,2.9778506965966574,4.070510245255142,2.9,339.6,78.01785714285714,85.66095551032453
172,#4 ENTITY extends out into PLACE,"1:[tag=""N.*""] [tag!=""V.*""]{0,5} ([tag=""IN/that|WDT""] [tag=""V.*""])? [tag!=""V.*""]{0,5} [lemma=""be""]? [tag=""RB.*""]* [lemma=""extend""][word=""out""]? [word=""into|parallel|perpendicular""] [word=""of|to""]? [tag!=""V.*""]* 2:[tag=""N.*""] within <s/>",673.0,39,1.0,324.0,74.97435897435898,97.50964518540479,0.034945439859474604,11.32232251446977,2.620011952541122,3.4075174415452705,7.9,2503.8,140.6820512820513,392.64130803397245
180,#1 CAUSE responsible for EFFECT,"1:[tag=""N.*""] [tag!=""V.*""]{0,7}[lemma=""be|,|\(""]? [tag=""RB.*"" & word!=""rarely|never|hardly""]* [word=""responsible""] [word=""for""] [tag!=""V.*""]{0,5} 2:[tag=""N.*|V.*""] within <s/>",7749.0,52,2.0,3931.0,678.8269230769231,1020.4757007060598,0.06989087971894921,137.37052408759465,23.72190541537681,35.66097222707881,25.8,221.0,77.67115384615384,38.09180003642626
184,#2 CAUSE causes EFFECT,"1:[tag=""N.*""] [tag!=""V.*""]{0,7} [lemma=""cause|produce|generate|provoke|induce|trigger|originate"" & tag!=""VVN""] [tag!=""V.*|IN""]{0,7} 2:[tag=""N.*""] [word!=""to""] within <s/>",57737.0,59,7.0,26423.0,4451.254237288135,7248.678592047015,0.2446180790163222,923.3633574068974,155.55103724838403,253.30826179904,26.5,161.6,76.82203389830508,30.557701595938415
188,#3 CAUSE leads to EFFECT,"1:[tag=""N.*""] [tag!=""V.*""]{0,7} ([lemma=""lead|contribute""] | [lemma=""give""] [lemma=""rise""]) [word=""to""] [tag!=""V.*|IN""]{0,7} 2:[tag=""N.*|V.*""] within <s/>",29048.0,55,9.0,15448.0,2401.418181818182,3836.193342223845,0.3145089587352714,539.8371549491637,83.91861465017611,134.05746373000028,17.0,251.4,78.36545454545455,39.97567416883079
192,#4 CAUSE-driven EFFECT,"1:[tag=""N.*"" & word="".*driven|.*induced|.*caused""] 2:[tag=""N.*""] within <s/>",199.0,36,1.0,170.0,25.75,44.775870415085976,0.034945439859474604,5.940724776110683,0.8998450763814709,1.564712486746015,7.7,194.1,59.219444444444434,44.220633964858166
196,#5 EFFECT caused by CAUSE,"2:[tag=""N.*""] [tag!=""V.*""]{0,7} [lemma=""be|,|\(""]? [tag=""RB.*""]* [word=""caused|produced|generated|provoked|induced|triggered|originated""] [tag=""RB.*""]* ([word=""by""]|[word=""because""][word=""of""] | [word=""due""] [word=""to""]) [tag!=""V.*""]{0,7} 1:[tag=""N.*""] within <s/>",42598.0,58,2.0,21912.0,3338.448275862069,5673.977064224691,0.06989087971894921,765.7244782008074,116.66354344810462,198.27962426190223,8.8,132.4,66.89827586206897,27.925643697550917
199,#6 EFFECT results from CAUSE,"2:[tag=""N.*""][]{0,5} [tag!=""V.*""]{0,7} [lemma=""derive|result""] [word=""from""] [tag!=""V.*""]{0,7} 1:[tag=""N.*""] within <s/>",35422.0,58,3.0,21213.0,2767.9655172413795,4816.700890908039,0.1048363195784238,741.2976157390348,96.72777251585812,168.3217313043046,15.9,200.5,76.88620689655171,42.63278307098301
203,#7 the cause of EFFECT is CAUSE,"[lemma=""cause"" & tag=""N.*""] [word=""of""] 2:[tag=""N.*""] [tag!=""V.*""]{0,3} [lemma=""be""] [tag!=""V.*""]{0,7} 1:[tag=""N.*""] within <s/>",116.0,34,1.0,63.0,15.5,17.56244270992489,0.034945439859474604,2.2015627111468996,0.5416543178218564,0.6137272855051484,17.0,372.5,110.32941176470588,81.9318065644608
207,#8 CAUSE is the (main) cause of EFFECT,"1:[tag=""N.*""] [tag!=""V.*""]{0,7} [lemma=""be""] [tag!=""V.*""]{0,7} [lemma=""cause"" & tag=""N.*""] [word=""of""] 2:[tag=""N.*""] within <s/>",278.0,41,1.0,133.0,30.463414634146343,37.163892127289095,0.034945439859474604,4.6477435013101225,1.0645574240117994,1.2987085572781827,11.8,762.6,124.75121951219512,137.56371455066053
211,"#9 CAUSE, the (main) cause of EFFECT","1:[tag=""N.*""] "",|\("" [tag!=""V.*""]{0,7} [lemma=""cause"" & tag=""N.*""] [word=""of""] 2:[tag=""N.*""] within <s/>",43.0,25,1.0,24.0,7.56,6.2920584866957485,0.034945439859474604,0.8386905566273904,0.264187525337628,0.21987875143912308,28.4,352.5,115.86800000000001,72.97959600692054
214,#10 EFFECT is formed/forms by/from CAUSE,"2:[tag=""N.*""] "",|\(""? [tag=""IN/that|WDT""]? [lemma=""be|,|\(""] [tag=""RB.*""] [lemma=""form""] [word=""by|from""] [tag!=""V.*""]*  1:[tag=""N.*""] within <s/>",80.0,29,1.0,48.0,12.448275862068966,13.97340894826556,0.034945439859474604,1.677381113254781,0.4350104754920803,0.4883069220334583,28.2,561.5,119.8206896551724,118.6910948016812
222,#1 INSTRUMENT has/provide/play/assume the function/role/purpose of FUNCTION,"1:[tag=""N.*""] [tag!=""V.*""]{0,7} [tag=""MD.*""]? [tag=""RB.*"" & word!=""not""]? [lemma=""have|provide|play|assume|fulfill|serve|take|perform""] [tag=""DT.*|JJ.*|RB.*""]* [lemma=""function|role|purpose""] [word=""of""] [tag=""DT.*|JJ.*|RB.*""]* [tag!=""W.*""]{0,7} 2:[tag=""N.*|V.*""] within <s/>",356.0,30,1.0,199.0,53.1,55.56440810695155,0.034945439859474604,6.954142532035446,1.8556028565381013,1.941722681828778,10.4,418.7,112.14999999999999,89.28280040565407
226,#2 INSTRUMENT is built/designed for FUNCTION,"1:[tag=""N.*""] [tag!=""V.*""]{0,7} "",|\(""? [tag=""IN/that|WDT""]? [tag=""MD.*""]? [tag=""RB.*"" & word!=""not""]? [lemma=""be|,|\(""] [tag=""RB.*"" & word!=""not""]* [word=""built|designed|needed|required|selected|employed|devised|developed|known|well-known|adequate|necessary""] [word=""for|to""] [tag!=""W.*""]{0,7} [tag=""DT.*|JJ.*|RB.*""]* 2:[tag=""N.*|V.*""] within <s/>",48037.0,55,33.0,30998.0,4011.090909090909,6753.691128705315,1.153199515362662,1083.2387447639937,140.16933613452167,236.0107071676387,14.9,331.3,97.76363636363635,63.620379810817916
230,#3 INSTRUMENT is essential/useful/appropiate/critical/effective for FUNCTION,"1:[tag=""N.*""] [tag!=""V.*""]{0,7} "",|\(""? [tag=""IN/that|WDT""]? [tag=""MD.*""]? [tag=""RB.*"" & word!=""not""]? [lemma=""be|,|\(""]? [tag=""RB.*"" & word!=""not""]* [word=""essential|useful|appropiate|critical|effective""] [word=""for|to""] [tag=""DT.*|JJ.*|RB.*""]* [tag!=""W.*""]{0,7} 2:[tag=""N.*|V.*""] within <s/>",9919.0,52,1.0,6036.0,869.8076923076923,1353.4286169267068,0.034945439859474604,210.9306749917887,30.39581240084685,47.29615833690412,6.0,226.4,79.6826923076923,41.00389613794894
234,#4 INSTRUMENT is a X (that is) designed for/to FUNCTION,"1:[tag=""N.*""] [tag!=""V.*""]{0,7} [lemma=""be""] [tag=""RB.*"" & word!=""not""]? [tag=""DT.*""]? [tag=""N.*""] [word=""that""]? [tag=""MD.*""]? [tag=""RB.*"" & word!=""not""]? [lemma=""be""]? [tag=""RB.*"" & word!=""not""]* [word=""built|designed|needed|required|selected|devised|developed|necessary""] [word=""for|to""] [tag=""DT.*|JJ.*|RB.*""]* [tag!=""W.*""]{0,7} 2:[tag=""N.*|V.*""] within <s/>",261.0,30,2.0,140.0,39.96666666666667,40.80524250745183,0.06989087971894921,4.892361580326444,1.3966527463836682,1.4259571479954347,24.6,753.6,141.77666666666664,142.35157711015052
238,#5 INSTRUMENT is a X (that is) used for FUNCTION(verb/noun),"1:[tag=""N.*""] [tag!=""V.*""]{0,7} [lemma=""be""] [tag=""DT.*""]? [tag=""N.*"" & lemma!=""name|term|word""] [word=""that""]? [tag=""MD.*""]? [tag=""RB.*"" & word!=""not""]? [lemma=""be""]? [tag=""RB.*"" & word!=""not""]* [word=""used|reused|employed""] [word=""for|as""] [tag!=""W.*""]{0,7} 2:[tag=""N.*|V.*""] within <s/>",143.0,31,2.0,65.0,20.612903225806452,21.009009843961135,0.06989087971894921,2.2714535908658493,0.7203269700065893,0.7341690900092538,16.6,1386.9,235.43548387096772,373.25475888762367
242,#6 INSTRUMENT is used for FUNCTION,"1:[tag=""N.*""] [tag!=""V.*""]{0,7} "",|\(""? [tag=""IN/that|WDT""]? [tag=""MD.*""]? [tag=""RB.*"" & word!=""not""]? [lemma=""be|,|\(""] [tag=""RB.*"" & word!=""not""]* [word=""reused|used|employed""] [word=""for|as""] [tag=""DT.*|JJ.*|RB.*""]* [tag!=""W.*""]{0,7} 2:[tag=""N.*|V.*"" & lemma!=""purpose""] within <s/>",29368.0,57,12.0,19521.0,2359.40350877193,4226.269394511839,0.4193452783136952,682.1699314968037,82.45039342002283,147.6888429558516,16.9,273.7,92.76491228070175,62.73735072059224
246,#7 Use #INSTRUMENT for/to FUNCTION,"[lemma=""use|reuse|build|design|need|require|select|devise|develop|employ"" & tag=""V.*""] [tag=""DT.*|JJ.*|RB.*""]* 1:[tag=""N.*""] [tag!=""V.*""]{0,7} [word=""for|to|as""] [tag=""DT.*|JJ.*|RB.*""]* [tag!=""W.*""]{0,7} 2:[tag=""N.*|V.*""] within <s/>",38726.0,59,7.0,22838.0,2978.5254237288136,5092.058977757738,0.2446180790163222,798.083955510681,104.08588106483134,177.94424076813075,11.3,214.2,81.37118644067797,34.44210560089585
250,#8 The function/role/purpose of INSTRUMENT is FUNCTION,"[lemma=""function|role|purpose""] [word=""of""] [tag=""DT.*|JJ.*|RB.*""]* 1:[tag=""N.*""] [tag!=""V.*""]{0,7} [tag=""MD.*""]? [tag=""RB.*"" & word!=""not""]? [lemma=""be""] [tag=""DT.*|JJ.*|RB.*""]* [tag!=""V.*""]{0,7} 2:[tag=""N.*""] within <s/>",604.0,48,2.0,414.0,58.354166666666664,95.74378255094751,0.06989087971894921,14.467412101822486,2.0392120217997576,3.3458085950527496,12.8,4534.3,179.85625000000002,644.3909570222268
252,#8 The function/role/purpose of INSTRUMENT is FUNCTION,"[lemma=""function|role|purpose""] [word=""of""] [tag=""DT.*""]* 1:[tag=""N.*""] [tag!=""V.*""]{0,7} [tag=""MD.*""]? [tag=""RB.*"" & word!=""not""]? [lemma=""be""] [tag=""RB.*""]* [word=""to""] [tag=""RB.*"" & word!=""not""]* [tag!=""W.*""]{0,7} 2:[tag=""V.*""] within <s/>",496.0,48,1.0,365.0,46.9375,77.05577042194277,0.034945439859474604,12.75508554870823,1.640251583404089,2.6927477911054827,16.6,750.4,110.95625,111.46325776885767
